rank,Youtuber,Subscribers,Category,Country,Channel_Type,Monthly_Earnings,Yearly_Earnings,Created_Year,College_Enrollment_Percentage
900,DJ Khaled,13100000,Music,Samoa,Music,2.0,18.0,2006.0,7.6
57,HAR PAL GEO,44600000,Entertainment,Pakistan,Entertainment,5300000.0,64200000.0,2008.0,9.0
186,HUM TV,28300000,Entertainment,Pakistan,Entertainment,2700000.0,32900000.0,2011.0,9.0
819,Geo News,13800000,News & Politics,Pakistan,News,400200.0,4800000.0,2007.0,9.0
66,ARY Digital HD,43200000,Entertainment,Pakistan,Entertainment,4600000.0,55200000.0,2016.0,9.0
417,tabii Urdu,19600000,Entertainment,Turkey,Entertainment,443200.0,5300000.0,2020.0,23.9
260,netd mï¿½ï¿,24100000,Music,Turkey,Music,1700000.0,20400000.0,2014.0,23.9
405,Green Gold TV - Official Channel,20000000,Film & Animation,India,Entertainment,0.0,0.0,2011.0,28.1
420,RKD Studios,19500000,Entertainment,India,Entertainment,0.0,0.0,2014.0,28.1
421,DLS News,19400000,News & Politics,India,News,128400.0,1500000.0,2017.0,28.1
423,etvteluguindia,19400000,Entertainment,India,Entertainment,1100000.0,13100000.0,2010.0,28.1
429,Sonotek,19200000,Entertainment,India,Music,114700.0,1400000.0,2011.0,28.1
436,Wow Kidz Action,19000000,Film & Animation,India,Entertainment,422800.0,5100000.0,2017.0,28.1
449,Triggered Insaan,18800000,Comedy,India,People,436100.0,5200000.0,2014.0,28.1
452,Shemaroo Comedy,18600000,Entertainment,India,Comedy,409700.0,4900000.0,2007.0,28.1
494,Priyal Kukreja,17800000,People & Blogs,India,People,1700000.0,20700000.0,2021.0,28.1
1,T-Series,245000000,Music,India,Music,9000000.0,108400000.0,2006.0,28.1
388,Kiddiestv Hindi - Nursery Rhymes & Kids Songs,20200000,Education,India,Education,453700.0,5400000.0,2017.0,28.1
513,News18 India,17500000,News & Politics,India,News,1600000.0,18900000.0,2007.0,28.1
514,Fun For Kids TV - Hindi Rhymes,17500000,Entertainment,India,Entertainment,439400.0,5300000.0,2017.0,28.1
522,Taarak Mehta Ka Ooltah Chashmah,17300000,Entertainment,India,Entertainment,1300000.0,15900000.0,2014.0,28.1
534,Prajapati News,17000000,Comedy,India,Entertainment,30500.0,366100.0,2013.0,28.1
537,Pop Chartbusters,16900000,Music,India,Music,291600.0,3500000.0,2011.0,28.1
557,NMF News,16600000,News & Politics,India,News,236800.0,2800000.0,2013.0,28.1
558,SriBalajiMovies,16600000,Entertainment,India,Entertainment,616200.0,7400000.0,2011.0,28.1
559,Lahari Music - TSeries,16600000,Music,India,Music,356000.0,4300000.0,2011.0,28.1
564,BBC News Hindi,16500000,News & Politics,India,News,524800.0,6300000.0,2009.0,28.1
499,jaanvi patel,17700000,People & Blogs,India,People,1400000.0,16600000.0,2018.0,28.1
381,Emiway Bantai,20400000,Music,India,Music,165200.0,2000000.0,2013.0,28.1
348,Dangal TV Channel,21300000,Entertainment,India,Entertainment,2200000.0,26900000.0,2017.0,28.1
357,Dr. Vivek Bindra: Motivational Speaker,20900000,Education,India,Education,114400.0,1400000.0,2013.0,28.1
172,ashish chanchlani vines,29800000,Comedy,India,Comedy,104700.0,1300000.0,2009.0,28.1
180,infobells - Tamil,28900000,Education,India,Education,439300.0,5300000.0,2014.0,28.1
183,Aditya Movies,28400000,Movies,India,Film,909400.0,10900000.0,2012.0,28.1
185,infobells - Telugu,28300000,Education,India,Education,1200000.0,13800000.0,2014.0,28.1
187,Shemaroo Movies,28200000,Entertainment,India,Film,739900.0,8900000.0,2011.0,28.1
200,Crazy XYZ,27300000,Entertainment,India,Tech,408900.0,4900000.0,2017.0,28.1
202,Dushyant kukreja,27100000,Entertainment,India,Entertainment,1700000.0,20600000.0,2015.0,28.1
211,Goldmines Bollywood,26400000,Film & Animation,India,Film,398700.0,4800000.0,2015.0,28.1
238,The Lallantop,25200000,News & Politics,India,News,1100000.0,13100000.0,2015.0,28.1
254,Pen Movies,24300000,Film & Animation,India,Film,379400.0,4600000.0,2014.0,28.1
284,Tilak,23400000,Film & Animation,India,Film,1500000.0,17600000.0,2020.0,28.1
290,Wave Music Bhojpuri,23100000,Music,India,Music,210700.0,2500000.0,2014.0,28.1
293,unknown boy varun,23100000,Music,India,Music,1200000.0,14600000.0,2016.0,28.1
298,White Hill Music,23000000,Entertainment,India,Music,372700.0,4500000.0,2014.0,28.1
299,Ultra Movie Parlour,22900000,Movies,India,Film,0.0,0.0,2011.0,28.1
306,Sun TV,22600000,People & Blogs,India,Entertainment,3900000.0,47100000.0,2016.0,28.1
307,Heroindori,22600000,Comedy,India,Entertainment,1600000.0,19200000.0,2020.0,28.1
312,Goldmines Cineplex,22500000,Film & Animation,India,Film,195000.0,2300000.0,2015.0,28.1
335,Village Cooking Channel,21600000,Howto & Style,India,Howto,778400.0,9300000.0,2018.0,28.1
342,Sidhu Moose Wala,21400000,Music,India,Music,642800.0,7700000.0,2017.0,28.1
345,Ishaan Ali 11,21300000,People & Blogs,India,People,2900000.0,35000000.0,2016.0,28.1
347,Azhan5star,21300000,Entertainment,India,Entertainment,945200.0,11300000.0,2021.0,28.1
579,Bollywood Classics,16300000,Entertainment,India,Music,605900.0,7300000.0,2011.0,28.1
379,Vijay Television,20400000,Entertainment,India,Entertainment,3600000.0,43600000.0,2007.0,28.1
614,Dear Sir,15800000,Education,India,Education,96200.0,1200000.0,2016.0,28.1
622,Zee Music Classic,15700000,Music,India,Music,345800.0,4100000.0,2014.0,28.1
619,DM - Desi Melodies,15700000,Music,India,Music,567400.0,6800000.0,2017.0,28.1
783,Neha Kakkar,14100000,Music,India,Music,102400.0,1200000.0,2012.0,28.1
800,ETV Jabardasth,14000000,People & Blogs,India,Comedy,534300.0,6400000.0,2015.0,28.1
807,T-Series Regional,13900000,Entertainment,India,Music,133900.0,1600000.0,2011.0,28.1
820,Kids TV India Hindi Nursery Rhymes,13800000,Shows,India,Education,314600.0,3800000.0,2014.0,28.1
821,Think Music India,13800000,Music,India,Music,868400.0,10400000.0,2009.0,28.1
823,Goldmines Premiere,13700000,Entertainment,India,Film,150600.0,1800000.0,2013.0,28.1
825,The Vishal bhatt,13700000,Comedy,India,Comedy,1500000.0,18200000.0,2021.0,28.1
826,NishaMadhulika,13700000,Howto & Style,India,Howto,88900.0,1100000.0,2009.0,28.1
830,infobells,13700000,Education,India,Education,95600.0,1100000.0,2011.0,28.1
836,JOJO TV - Hindi Stories,13600000,Education,India,Film,43100.0,516700.0,2016.0,28.1
845,Sanjoy Das Official,13500000,Entertainment,India,Games,716900.0,8600000.0,2015.0,28.1
847,Vijay Kumar Viner Vlogs,13500000,Entertainment,India,Entertainment,439300.0,5300000.0,2019.0,28.1
861,Trakin Tech,13300000,Science & Technology,India,Tech,174700.0,2100000.0,2011.0,28.1
885,Technology Gyan,13200000,Science & Technology,India,Tech,74100.0,888900.0,2015.0,28.1
891,Lokdhun Punjabi,13100000,Music,India,Music,137800.0,1700000.0,2010.0,28.1
929,Right to Shiksha,12800000,Education,India,Education,855000.0,10300000.0,2020.0,28.1
961,NDTV,12500000,Entertainment,India,News,234100.0,2800000.0,2006.0,28.1
963,Family Fitness,12500000,Entertainment,India,Entertainment,942900.0,11300000.0,2017.0,28.1
964,Zee Tamil,12500000,Entertainment,India,Entertainment,1400000.0,16800000.0,2008.0,28.1
965,Flowers Comedy,12500000,Entertainment,India,Entertainment,720100.0,8600000.0,2015.0,28.1
981,Zee Kids,12400000,Film & Animation,India,Entertainment,380700.0,4600000.0,2012.0,28.1
985,bharatzkitchen HINDI,12400000,Howto & Style,India,Howto,123900.0,1500000.0,2016.0,28.1
992,Free Fire India Official,12300000,People & Blogs,India,Games,258900.0,3100000.0,2018.0,28.1
781,Zee Bangla,14200000,Entertainment,India,Entertainment,239700.0,2900000.0,2008.0,28.1
615,Narendra Modi,15800000,News & Politics,India,News,743900.0,8900000.0,2007.0,28.1
780,SEVENGERS,14200000,Comedy,India,Comedy,1500000.0,17700000.0,2018.0,28.1
768,ZEE5,14400000,Entertainment,India,Entertainment,599200.0,7200000.0,2018.0,28.1
158,Zee News,30500000,News & Politics,India,News,1800000.0,22200000.0,2007.0,28.1
632,Infobells Bangla,15500000,Education,India,Education,671600.0,8100000.0,2016.0,28.1
636,Kashvi Adlakha,15500000,Entertainment,India,Entertainment,556500.0,6700000.0,2017.0,28.1
639,Harsh Beniwal,15400000,Comedy,India,Comedy,111900.0,1300000.0,2015.0,28.1
651,Mazhavil Manorama,15300000,Entertainment,India,Entertainment,1400000.0,17400000.0,2011.0,28.1
652,Pokï¿½ï¿½ï¿½ï¿½ï¿½ï¿½ï¿½ï¿½ï¿½,15200000,People & Blogs,India,Film,261500.0,3100000.0,2017.0,28.1
653,The MriDul,15200000,Comedy,India,Comedy,393300.0,4700000.0,2015.0,28.1
655,SRK MUSIC,15200000,Music,India,Music,231200.0,2800000.0,2012.0,28.1
656,Sony LIV,15200000,Entertainment,India,Entertainment,843600.0,10100000.0,2014.0,28.1
657,T-Series Hamaar Bhojpuri,15200000,Entertainment,India,Music,423900.0,5100000.0,2011.0,28.1
660,NDTV India,15200000,News & Politics,India,News,198600.0,2400000.0,2008.0,28.1
678,Chetan Monga Vlogs,15000000,People & Blogs,India,People,454300.0,5500000.0,2014.0,28.1
686,THE BROWN SIBLINGS,15000000,Entertainment,India,Entertainment,409400.0,4900000.0,2016.0,28.1
687,Sony Music South,15000000,Music,India,Music,968700.0,11600000.0,2014.0,28.1
693,A2 Motivation by Arvind Arora,15000000,Entertainment,India,Entertainment,522900.0,6300000.0,2017.0,28.1
719,StudyIQ IAS,14700000,Education,India,Education,297900.0,3600000.0,2015.0,28.1
723,Colors Rishtey,14700000,Entertainment,India,Entertainment,1400000.0,16700000.0,2013.0,28.1
735,Noman Official,14600000,Comedy,India,Film,556500.0,6700000.0,2019.0,28.1
745,Aadishakti Films,14500000,Music,India,Music,193800.0,2300000.0,2016.0,28.1
748,TV9 Bharatvarsh,14500000,People & Blogs,India,News,1700000.0,20100000.0,2018.0,28.1
754,Gyan Gamingï¿½,14400000,Gaming,India,Games,55600.0,666800.0,2017.0,28.1
761,Indore Physical Academy,14400000,People & Blogs,India,People,281600.0,3400000.0,2014.0,28.1
765,RS 1313 SHORTS,14400000,Entertainment,India,Entertainment,850600.0,10200000.0,2020.0,28.1
777,infobells - Kannada,14200000,Education,India,Education,566800.0,6800000.0,2014.0,28.1
157,Round2hell,30700000,Comedy,India,Entertainment,127300.0,1500000.0,2016.0,28.1
995,Make Joke Of,12300000,Comedy,India,Comedy,96000.0,1200000.0,2017.0,28.1
100,Ultra Bollywood,36600000,Trailers,India,Entertainment,0.0,0.0,2009.0,28.1
95,Jkk Entertainment,37200000,Comedy,India,Comedy,199400.0,2400000.0,2017.0,28.1
67,Speed Records,42500000,Music,India,Music,639000.0,7700000.0,2012.0,28.1
96,ABP NEWS,37000000,People & Blogs,India,News,1100000.0,12800000.0,2012.0,28.1
119,Jingle Toons,34000000,Film & Animation,India,Film,719600.0,8600000.0,2013.0,28.1
22,Zee TV,70500000,Entertainment,India,Entertainment,6800000.0,81900000.0,2005.0,28.1
132,Eros Now Music,32700000,Entertainment,India,Entertainment,81100.0,972600.0,2012.0,28.1
107,Saregama Music,35500000,Entertainment,India,Music,2100000.0,25600000.0,2013.0,28.1
108,IndiaTV,35500000,News & Politics,India,News,1200000.0,14000000.0,2006.0,28.1
25,ChuChu TV Nursery Rhymes & Kids Songs,65900000,Education,India,Education,1700000.0,20200000.0,2013.0,28.1
26,Shemaroo Filmi Gaane,65600000,Music,India,Music,1000000.0,12200000.0,2010.0,28.1
54,Voot Kids,45500000,Entertainment,India,Entertainment,936000.0,11200000.0,2016.0,28.1
27,Colors TV,64600000,Shows,India,Entertainment,4800000.0,57000000.0,2008.0,28.1
31,Tips Official,59300000,Music,India,Music,1700000.0,20300000.0,2007.0,28.1
33,Wave Music,58000000,Music,India,Music,928100.0,11100000.0,2014.0,28.1
129,CVS 3D Rhymes & Kids Songs,33400000,Education,India,Education,544300.0,6500000.0,2008.0,28.1
34,Aaj Tak,57600000,News & Politics,India,News,1800000.0,22100000.0,2009.0,28.1
127,KHANDESHI MOVIES,33500000,Comedy,India,Comedy,98900.0,1200000.0,2013.0,28.1
109,T-Series Bollywood Classics,35400000,Music,India,Music,1300000.0,15900000.0,2012.0,28.1
125,Rajshri,33500000,Music,India,Entertainment,1100000.0,13100000.0,2006.0,28.1
35,Sony Music India,57200000,Music,India,Music,1000000.0,12400000.0,2009.0,28.1
48,Shemaroo,47400000,Entertainment,India,Entertainment,931000.0,11200000.0,2007.0,28.1
38,YRF,54600000,Film & Animation,India,Music,2000000.0,24600000.0,2006.0,28.1
116,Geet MP3,34300000,Music,India,Music,405400.0,4900000.0,2016.0,28.1
16,Sony SAB,83000000,Shows,India,Entertainment,6600000.0,79600000.0,2007.0,28.1
71,Ishtar Music,41400000,Trailers,India,Music,723800.0,8700000.0,2005.0,28.1
41,Infobells - Hindi,53300000,Education,India,Education,3300000.0,39200000.0,2014.0,28.1
140,StarPlus,32000000,Entertainment,India,Entertainment,6700000.0,80000000.0,2006.0,28.1
87,Goldmines Gaane Sune Ansune,38300000,Music,India,Music,3300000.0,39100000.0,2015.0,28.1
5,SET India,159000000,Shows,India,Entertainment,7300000.0,87500000.0,2006.0,28.1
79,CarryMinati,39200000,Comedy,India,Comedy,314800.0,3800000.0,2014.0,28.1
90,Sony PAL,38200000,Shows,India,Entertainment,1700000.0,20000000.0,2014.0,28.1
144,MR. INDIAN HACKER,31700000,Science & Technology,India,Tech,436500.0,5200000.0,2012.0,28.1
11,Zee Music Company,96700000,Music,India,Music,3200000.0,38600000.0,2014.0,28.1
145,Worldwide Records Bhojpuri,31700000,Music,India,Music,450600.0,5400000.0,2012.0,28.1
586,POPS Kids,16200000,Music,Vietnam,Film,1000000.0,12300000.0,2014.0,28.5
490,Like Nastya VNM,17900000,Entertainment,Vietnam,Entertainment,337900.0,4100000.0,2019.0,28.5
53,Fernanfloo,46100000,Gaming,El Salvador,Games,135400.0,1600000.0,2011.0,29.4
804,karameeshchannel,13900000,Entertainment,Jordan,Music,350600.0,4200000.0,2012.0,34.4
301,toyorbabytv,22900000,Music,Jordan,Music,676200.0,8100000.0,2012.0,34.4
166,ýýýýýýýý ýýýýýýýý ýýýýýýýýýý | toyoraljanahtv,30200000,Entertainment,Jordan,Music,465700.0,5600000.0,2008.0,34.4
638,ýýýýýýýý ýýýýýýýýýýýýýý ýýýý 5 ýýýýýýýýýý,15500000,Howto & Style,Egypt,Howto,131700.0,1600000.0,2017.0,35.2
670,Mohamed Ramadan I ï¿½ï¿½ï¿½ï¿½ï¿½ï¿½ï,15100000,People & Blogs,Egypt,Entertainment,184200.0,2200000.0,2014.0,35.2
61,ABS-CBN Entertainment,44200000,People & Blogs,Philippines,Entertainment,706500.0,8500000.0,2008.0,35.5
674,ABS-CBN News,15100000,News & Politics,Philippines,News,726600.0,8700000.0,2009.0,35.5
858,GMA Integrated News,13400000,News & Politics,Philippines,News,461800.0,5500000.0,2007.0,35.5
142,GMA  Network,31900000,Entertainment,Philippines,Entertainment,3200000.0,38300000.0,2006.0,35.5
350,GMA Public  Affairs,21200000,Entertainment,Philippines,News,569300.0,6800000.0,2009.0,35.5
209,Raffy Tulfo in Action,26500000,News & Politics,Philippines,News,652500.0,7800000.0,2016.0,35.5
616,Arif muhammad,15800000,People & Blogs,Indonesia,Comedy,287500.0,3400000.0,2017.0,36.3
118,Jess No Limit,34000000,Entertainment,Indonesia,Entertainment,2200000.0,26300000.0,2017.0,36.3
130,Ricis Official,33300000,People & Blogs,Indonesia,Entertainment,628400.0,7500000.0,2016.0,36.3
903,Calon Sarjana,13000000,Entertainment,Indonesia,Entertainment,0.0,0.0,2016.0,36.3
352,Baim Paula,21100000,People & Blogs,Indonesia,Entertainment,107900.0,1300000.0,2016.0,36.3
391,MiawAug,20200000,Gaming,Indonesia,Games,258000.0,3100000.0,2014.0,36.3
222,Indosiar,25900000,Music,Indonesia,Entertainment,920700.0,11000000.0,2013.0,36.3
500,tanboy kun,17700000,People & Blogs,Indonesia,Entertainment,192700.0,2300000.0,2016.0,36.3
531,TRANS TV Official,17100000,Entertainment,Indonesia,Entertainment,183200.0,2200000.0,2014.0,36.3
231,Rans Entertainment,25400000,People & Blogs,Indonesia,Entertainment,233900.0,2800000.0,2015.0,36.3
547,Like Nastya IDN,16800000,Entertainment,Indonesia,Entertainment,171300.0,2100000.0,2019.0,36.3
384,BabyBus - Cerita & Lagu Anak-anak,20300000,Education,Indonesia,Education,451100.0,5400000.0,2019.0,36.3
241,TRANS7 OFFICIAL,25000000,Entertainment,Indonesia,Entertainment,492800.0,5900000.0,2014.0,36.3
690,KOMPASTV,15000000,News & Politics,Indonesia,News,452300.0,5400000.0,2013.0,36.3
370,Deddy Corbuzier,20600000,Entertainment,Indonesia,Entertainment,0.34,4.0,2007.0,36.3
460,Willie Salim,18500000,People & Blogs,Indonesia,People,789500.0,9500000.0,2014.0,36.3
695,MNCTV OFFICIAL,14900000,Entertainment,Indonesia,Entertainment,174300.0,2100000.0,2012.0,36.3
788,Yudist Ardhana,14100000,Entertainment,Indonesia,Entertainment,704200.0,8500000.0,2016.0,36.3
663,Daftar Populer,15100000,Education,Indonesia,Entertainment,68900.0,827100.0,2017.0,36.3
77,shfa2 - ï¿½ï¿½,39700000,People & Blogs,United Arab Emirates,People,990900.0,11900000.0,2017.0,36.8
787,Supercar Blondie,14100000,Autos & Vehicles,United Arab Emirates,Autos,1400000.0,17000000.0,2007.0,36.8
918,AlArabiya ï¿½ï¿½ï¿½ï¿½ï¿,12900000,People & Blogs,United Arab Emirates,News,320900.0,3900000.0,2006.0,36.8
386,Noor Stars,20200000,Comedy,United Arab Emirates,Entertainment,62200.0,746700.0,2014.0,36.8
640,FFUNTV,15400000,Gaming,United Arab Emirates,Entertainment,320700.0,3800000.0,2018.0,36.8
302,BabyBus - Canciones Infantiles & Videos para Niï¿½ï,22900000,Education,Mexico,Education,547300.0,6600000.0,2018.0,40.2
776,E-MasterSensei,14200000,Gaming,Mexico,Games,178300.0,2100000.0,2016.0,40.2
734,Mis Pastelitos,14600000,Howto & Style,Mexico,Music,202700.0,2400000.0,2014.0,40.2
795,TV Ana Emilia,14000000,People & Blogs,Mexico,Entertainment,107100.0,1300000.0,2014.0,40.2
909,Susy Mouriz,13000000,Entertainment,Mexico,Entertainment,1500000.0,17700000.0,2017.0,40.2
818,123 GO! Spanish,13800000,People & Blogs,Mexico,Howto,106100.0,1300000.0,2019.0,40.2
629,Blippi Espaï¿½ï,15500000,People & Blogs,Mexico,Education,360000.0,4300000.0,2017.0,40.2
72,Kimberly Loaiza,41300000,People & Blogs,Mexico,People,547000.0,6600000.0,2016.0,40.2
435,SUPER SLICK SLIME SAM,19000000,Howto & Style,Mexico,Howto,493400.0,5900000.0,2018.0,40.2
507,MissaSinfonia,17600000,Comedy,Mexico,Comedy,109800.0,1300000.0,2011.0,40.2
422,JukiLop,19400000,People & Blogs,Mexico,People,9500.0,114300.0,2017.0,40.2
278,Juan De Dios Pantoja,23600000,Entertainment,Mexico,People,187400.0,2200000.0,2014.0,40.2
933,Franco Escamilla,12700000,Comedy,Mexico,Comedy,309900.0,3700000.0,2007.0,40.2
606,Totoy kids - Espaï¿½ï,16000000,Film & Animation,Mexico,Film,449600.0,5400000.0,2017.0,40.2
682,XpressTV,15000000,Entertainment,Mexico,Entertainment,135500.0,1600000.0,2014.0,40.2
962,elcarteldesantatv,12500000,Music,Mexico,Entertainment,463500.0,5600000.0,2008.0,40.2
255,MrBeast en Espaï¿½ï,24200000,Entertainment,Mexico,Entertainment,134400.0,1600000.0,2021.0,40.2
51,A4,46300000,Gaming,Cuba,People,0.38,5.0,2006.0,41.4
726,Doc Tops,14600000,Entertainment,Ecuador,Entertainment,65600.0,787600.0,2014.0,44.9
897,RaptorGamer,13100000,People & Blogs,Ecuador,Games,251600.0,3000000.0,2016.0,44.9
504,Les' Copaque Production,17700000,Film & Animation,Malaysia,Entertainment,470900.0,5700000.0,2009.0,45.1
463,RsiamMusic : ï¿½ï¿½ï¿½ï¿½ï¿½ï¿½ï¿½ï¿½,18400000,Music,Thailand,Music,216500.0,2600000.0,2011.0,49.3
572,GMMTV OFFICIALï¿½ï¿½,16400000,Entertainment,Thailand,Entertainment,725500.0,8700000.0,2010.0,49.3
587,Thairath Online,16200000,News & Politics,Thailand,News,899000.0,10800000.0,2010.0,49.3
699,ýýýýýýýýýýýý8 : Thai Ch8,14900000,Entertainment,Thailand,Entertainment,198200.0,2400000.0,2011.0,49.3
569,Ch7HD,16400000,Entertainment,Thailand,Entertainment,351000.0,4200000.0,2010.0,49.3
517,AMARINTV : ï¿½ï¿½ï¿½ï¿½ï¿½ï¿½ï¿½ï¿½ï¿½ï¿½ï¿½ï¿½,17400000,Entertainment,Thailand,News,944000.0,11300000.0,2014.0,49.3
94,ýýýýýýýýýýýý one31,37500000,Entertainment,Thailand,Entertainment,563000.0,6800000.0,2013.0,49.3
644,Genierock,15400000,Music,Thailand,Music,331200.0,4000000.0,2008.0,49.3
454,GRAMMY GOLD OFFICIAL,18600000,Music,Thailand,Music,674400.0,8100000.0,2014.0,49.3
83,WorkpointOfficial,39000000,Entertainment,Thailand,Entertainment,521800.0,6300000.0,2012.0,49.3
792,Bie The Ska,14100000,Entertainment,Thailand,Entertainment,50000.0,600100.0,2006.0,49.3
747,GMM25Thailand,14500000,Entertainment,Thailand,Entertainment,182500.0,2200000.0,2011.0,49.3
126,Ch3Thailand,33500000,Entertainment,Thailand,Entertainment,0.0,0.0,2014.0,49.3
508,ýýýýýýýýý Liziqi,17600000,Howto & Style,China,Howto,89400.0,1100000.0,2017.0,50.6
121,Galinha Pintadinha,33800000,Film & Animation,Brazil,Film,1600000.0,19400000.0,2006.0,51.3
822,O Que Nï¿½ï¿½ï¿½ï¿½ï¿½ï¿,13700000,Comedy,Brazil,Entertainment,351200.0,4200000.0,2015.0,51.3
55,Felipe Neto,45200000,Entertainment,Brazil,Entertainment,521400.0,6300000.0,2006.0,51.3
406,Gusttavo Lima Oficial,19900000,Music,Brazil,Music,859200.0,10300000.0,2010.0,51.3
264,Spider Slack,24000000,Comedy,Brazil,Comedy,3000000.0,36500000.0,2020.0,51.3
56,Vocï¿½ï¿½ï¿½,44700000,Entertainment,Brazil,Entertainment,192100.0,2300000.0,2013.0,51.3
97,Maria Clara & JP,37000000,People & Blogs,Brazil,Entertainment,1000000.0,12100000.0,2015.0,51.3
437,Turma da Mï¿½ï¿½,19000000,Film & Animation,Brazil,Film,307600.0,3700000.0,2012.0,51.3
456,Dan-Sa / Daniel Saboya,18500000,Music,Brazil,Music,0.0,0.0,2007.0,51.3
881,MC Divertida,13200000,Entertainment,Brazil,Entertainment,258100.0,3100000.0,2018.0,51.3
478,Manual do Mundo,18000000,Howto & Style,Brazil,Tech,219100.0,2600000.0,2006.0,51.3
894,Peppa Pig em Portuguï¿½ï¿½ï¿½ï¿½ï¿½ï¿½ï¿½ï¿½ï¿,13100000,Film & Animation,Brazil,Film,109400.0,1300000.0,2014.0,51.3
627,Juliana Baltar,15600000,Entertainment,Brazil,Entertainment,224900.0,2700000.0,2010.0,51.3
205,Renato Garcia YT,26900000,Entertainment,Brazil,Entertainment,331600.0,4000000.0,2011.0,51.3
912,Pastor Antï¿½ï¿½ï¿½ï¿½ï,12900000,People & Blogs,Brazil,People,127200.0,1500000.0,2013.0,51.3
611,MK MUSIC,15900000,Music,Brazil,Music,545600.0,6500000.0,2010.0,51.3
177,Enaldinho,29200000,Comedy,Brazil,Games,1200000.0,14500000.0,2012.0,51.3
966,Mundo Bita,12500000,Music,Brazil,Music,854800.0,10300000.0,2011.0,51.3
584,T3ddy,16200000,Comedy,Brazil,People,132100.0,1600000.0,2012.0,51.3
543,Bispo Bruno Leonardo,16900000,Nonprofits & Activism,Brazil,Nonprofit,598200.0,7200000.0,2016.0,51.3
548,Gato Galactico | GALï¿½ï¿,16800000,Film & Animation,Brazil,Entertainment,176500.0,2100000.0,2013.0,51.3
991,Natan por Aï¿,12300000,Sports,Brazil,Entertainment,2200000.0,26500000.0,2017.0,51.3
893,Painzeiro,13100000,People & Blogs,Brazil,People,176000.0,2100000.0,2015.0,51.3
803,Jazzghost,13900000,Gaming,Brazil,Games,426900.0,5100000.0,2012.0,51.3
84,GR6 EXPLODE,38900000,Music,Brazil,Music,6500000.0,78500000.0,2014.0,51.3
802,Crescendo com Luluca,14000000,Entertainment,Brazil,People,272200.0,3300000.0,2015.0,51.3
732,O Reino Infantil,14600000,Music,Brazil,Music,439500.0,5300000.0,2014.0,51.3
354,Rafa & Luiz,21000000,Entertainment,Brazil,Entertainment,473600.0,5700000.0,2015.0,51.3
376,Totoy kids - Portuguï¿½,20400000,Film & Animation,Brazil,Film,158000.0,1900000.0,2014.0,51.3
725,Camila Loures,14700000,Music,Brazil,Entertainment,163900.0,2000000.0,2014.0,51.3
702,TazerCraft,14900000,Gaming,Brazil,Games,159100.0,1900000.0,2011.0,51.3
358,Fatos Desconhecidos,20900000,Entertainment,Brazil,Entertainment,209300.0,2500000.0,2013.0,51.3
334,DUDU e CAROL,21600000,Autos & Vehicles,Brazil,Entertainment,772700.0,9300000.0,2013.0,51.3
159,AboFlah,30500000,Gaming,Kuwait,Entertainment,631600.0,7600000.0,2016.0,54.4
385,Ami Rodriguez,20200000,Entertainment,Colombia,Entertainment,1100000.0,12700000.0,2009.0,55.3
117,J Balvin,34100000,Music,Colombia,Music,514800.0,6200000.0,2011.0,55.3
193,toycantando,27700000,Music,Colombia,Music,695300.0,8300000.0,2009.0,55.3
613,Camilo,15900000,Music,Colombia,Music,239600.0,2900000.0,2010.0,55.3
943,Go Ami Go!,12700000,People & Blogs,Colombia,People,1300000.0,15700000.0,2015.0,55.3
137,KAROL G,32100000,Music,Colombia,Music,1900000.0,22400000.0,2013.0,55.3
242,Anuel AA,25000000,Music,Colombia,Music,1100000.0,13600000.0,2016.0,55.3
64,Shakira,43500000,People & Blogs,Colombia,Howto,1400000.0,17000000.0,2005.0,55.3
851,Codiscos,13400000,Music,Colombia,Music,915600.0,11000000.0,2007.0,55.3
424,FIFA,19400000,Sports,Switzerland,Sports,235500.0,2800000.0,2006.0,59.6
643,Mrwhosetheboss,15400000,Science & Technology,United Kingdom,Tech,670800.0,8000000.0,2011.0,60.0
233,Coldplay,25300000,Music,United Kingdom,Music,795500.0,9500000.0,2010.0,60.0
138,Mr Bean,32100000,Shows,United Kingdom,Comedy,226100.0,2700000.0,2006.0,60.0
198,DanTDM,27400000,Gaming,United Kingdom,Games,314700.0,3800000.0,2012.0,60.0
775,TommyInnit,14200000,Gaming,United Kingdom,Games,217200.0,2600000.0,2015.0,60.0
944,Morgz,12600000,Gaming,United Kingdom,Entertainment,235400.0,2800000.0,2014.0,60.0
164,Adele,30200000,Music,United Kingdom,Music,548400.0,6600000.0,2008.0,60.0
533,Queen Official,17000000,Music,United Kingdom,Music,375100.0,4500000.0,2008.0,60.0
585,JJ Olatunji,16200000,Gaming,United Kingdom,Entertainment,111200.0,1300000.0,2011.0,60.0
328,Dua Lipa,21800000,Music,United Kingdom,Music,512200.0,6100000.0,2011.0,60.0
151,Peppa Pig - Official Channel,31400000,Film & Animation,United Kingdom,Education,979700.0,11800000.0,2013.0,60.0
742,BBC News,14500000,News & Politics,United Kingdom,News,265100.0,3200000.0,2006.0,60.0
40,Ed Sheeran,53500000,Music,United Kingdom,Music,810900.0,9700000.0,2006.0,60.0
243,Dan Rhodes,24800000,Entertainment,United Kingdom,Entertainment,1300000.0,15900000.0,2015.0,60.0
444,Sidemen,18800000,Entertainment,United Kingdom,Entertainment,312600.0,3800000.0,2015.0,60.0
413,Britain's Got Talent,19700000,Entertainment,United Kingdom,Entertainment,216800.0,2600000.0,2008.0,60.0
677,MoreAliA,15000000,Gaming,United Kingdom,Games,1000000.0,12000000.0,2013.0,60.0
438,Calvin Harris,19000000,Music,United Kingdom,Music,409600.0,4900000.0,2007.0,60.0
843,Awakening Music,13500000,Music,United Kingdom,Music,141200.0,1700000.0,2006.0,60.0
676,AdeleVEVO,15100000,Music,United Kingdom,Music,339000.0,4100000.0,2009.0,60.0
281,Peppa Pig Espaï¿½ï¿½ï¿½ï¿½ï¿½ï¿½ï¿½ï¿½ï¿½,23600000,Film & Animation,United Kingdom,Film,214400.0,2600000.0,2014.0,60.0
837,BBC,13600000,Pets & Animals,United Kingdom,Entertainment,177700.0,2100000.0,2005.0,60.0
846,Woody & Kleiny,13500000,Comedy,United Kingdom,Entertainment,2000000.0,23800000.0,2013.0,60.0
403,Gordon Ramsay,20000000,Entertainment,United Kingdom,Entertainment,156900.0,1900000.0,2006.0,60.0
842,JULIA GISELLA,13500000,Entertainment,United Kingdom,Music,6.0,78.0,2015.0,60.0
382,Got Talent Global,20300000,Entertainment,United Kingdom,Entertainment,345800.0,4100000.0,2013.0,60.0
213,PANDA BOI,26400000,Entertainment,Italy,Entertainment,4900000.0,58800000.0,2020.0,61.9
901,Davie504,13000000,Entertainment,Italy,Entertainment,119500.0,1400000.0,2011.0,61.9
703,Bayashi TV,14900000,Entertainment,Japan,Autos,10.0,119.0,2012.0,63.2
216,Junya.ï¿½ï¿½ï¿½ï¿½,26200000,Entertainment,Japan,Entertainment,2900000.0,34600000.0,2020.0,63.2
321,Sagawa /ï¿½ï¿½ï¿½,22000000,Entertainment,Japan,Entertainment,2800000.0,34100000.0,2021.0,63.2
691,ISSEI / ï¿½ï¿½ï¿½ï¿½,15000000,Comedy,Japan,Comedy,1100000.0,13600000.0,2014.0,63.2
70,Rihanna,41900000,Entertainment,Barbados,Music,731700.0,8800000.0,2005.0,65.4
474,SQUEEZIE,18100000,Gaming,France,Entertainment,192400.0,2300000.0,2011.0,65.6
316,Smile Family,22300000,People & Blogs,France,Music,3.0,35.0,2019.0,65.6
904,Lofi Girl,13000000,Music,France,Music,121900.0,1500000.0,2015.0,65.6
598,FitDance,16100000,Music,France,Entertainment,3.0,37.0,2006.0,65.6
994,RobTopGames,12300000,Gaming,Sweden,Games,15500.0,185800.0,2012.0,67.0
633,ýýýýýýýý ýý ýýýýýýýý,15500000,Shows,Saudi Arabia,Film,540100.0,6500000.0,2017.0,68.0
309,mmoshaya,22600000,People & Blogs,Saudi Arabia,Entertainment,295300.0,3500000.0,2010.0,68.0
631,Katakit Baby TV,15500000,Music,Saudi Arabia,Music,363700.0,4400000.0,2010.0,68.0
86,shfa,38400000,People & Blogs,Saudi Arabia,Games,6400.0,76300.0,2018.0,68.0
455,ýýýýýýýý ýýýýýýýýýý ýýýýýýýýýý | Arab Games Network,18600000,Gaming,Saudi Arabia,Games,172000.0,2100000.0,2013.0,68.0
873,BanderitaX,13300000,Gaming,Saudi Arabia,Games,282800.0,3400000.0,2013.0,68.0
815,Hacksmith Industries,13800000,Science & Technology,Canada,Tech,335800.0,4000000.0,2006.0,68.9
81,Super Simple Songs - Kids Songs,39200000,Education,Canada,Education,2200000.0,26900000.0,2006.0,68.9
20,Justin Bieber,71600000,Music,Canada,Music,705300.0,8500000.0,2007.0,68.9
135,The Weeknd,32600000,Music,Canada,Music,1500000.0,17900000.0,2011.0,68.9
626,Linus Tech Tips,15600000,Science & Technology,Canada,Tech,352900.0,4200000.0,2008.0,68.9
874,AzzyLand,13300000,Gaming,Canada,Entertainment,21500.0,258600.0,2015.0,68.9
560,Younes Zarou,16600000,Entertainment,Germany,Entertainment,2500000.0,29600000.0,2021.0,70.2
295,Tsuriki Show,23000000,Entertainment,Germany,Comedy,3000000.0,36300000.0,2019.0,70.2
712,Beast Philanthropy,14800000,People & Blogs,Germany,Games,152.0,1800.0,2015.0,70.2
364,Kurzgesagt ï¿½ï¿½ï¿½ï¿½ï¿½ï¿,20800000,Education,Germany,Education,117100.0,1400000.0,2013.0,70.2
152,YOLO AVENTURAS,31200000,People & Blogs,Venezuela,Comedy,14.0,172.0,2018.0,79.3
675,Chapitosiki,15100000,Entertainment,Russia,Entertainment,2900000.0,34200000.0,2020.0,81.9
65,ýýýýýýýý ýý ýýýýýýýýýýýýýý,43200000,Film & Animation,Russia,Education,1200000.0,14600000.0,2011.0,81.9
47,Get Movies,47500000,Entertainment,Russia,Film,1200000.0,14700000.0,2006.0,81.9
457,Marmok,18500000,Gaming,Russia,Games,153100.0,1800000.0,2008.0,81.9
459,Like Nastya Vlog,18500000,People & Blogs,Russia,People,195800.0,2300000.0,2016.0,81.9
650,ILYA BORZOV,15300000,People & Blogs,Russia,People,1900000.0,22800000.0,2021.0,81.9
530,TheBrianMaps,17100000,Comedy,Russia,Entertainment,148700.0,1800000.0,2012.0,81.9
867,ýýýýýýýýýýýýýýýýýý,13300000,People & Blogs,Russia,Entertainment,361000.0,4300000.0,2015.0,81.9
9,Like Nastya,106000000,People & Blogs,Russia,People,195800.0,2300000.0,2016.0,81.9
876,BIBO ï¿½ï¿½ï¿½ï¿½ï¿½ï¿,13200000,Entertainment,Russia,Entertainment,35100.0,420900.0,2019.0,81.9
796,ýýýýýýýýýýýý,14000000,Gaming,Russia,Games,602300.0,7200000.0,2013.0,81.9
368,tuzelity SHUFFLE,20700000,People & Blogs,Russia,People,2200000.0,26500000.0,2015.0,81.9
671,EdisonPts,15100000,Gaming,Russia,Games,382400.0,4600000.0,2013.0,81.9
921,ýýýýýýýý ýýýý ýýýýýýýýýýýýýý,12900000,Shows,Ukraine,Entertainment,284500.0,3400000.0,2014.0,82.7
773,SIS vs BRO,14200000,Entertainment,Ukraine,Entertainment,0.42,5.0,2016.0,82.7
844,Lady Diana,13500000,Entertainment,Ukraine,People,300600.0,3600000.0,2016.0,82.7
448,ýýýýýýýýýýýýýýýýýýýýýý,18800000,Entertainment,Ukraine,Entertainment,272000.0,3300000.0,2014.0,82.7
503,News 24,17700000,News & Politics,Ukraine,News,1500000.0,17800000.0,2006.0,82.7
588,LEGO,16200000,Entertainment,Singapore,Entertainment,468800.0,5600000.0,2005.0,84.8
817,ýýýýýýýý/Atro,13800000,Gaming,Netherlands,Games,220500.0,2600000.0,2017.0,85.0
168,Spinnin' Records,30100000,Music,Netherlands,Music,400200.0,4800000.0,2007.0,85.0
389,dednahype,20200000,Comedy,Latvia,Comedy,5000000.0,59800000.0,2020.0,88.1
288,Lady Gaga,23200000,People & Blogs,United States,Music,572700.0,6900000.0,2008.0,88.2
287,Happy Lives,23200000,Science & Technology,United States,Entertainment,0.0,0.0,2016.0,88.2
286,Sesame Street,23300000,Entertainment,United States,Entertainment,496700.0,6000000.0,2006.0,88.2
30,Movieclips,59500000,Film & Animation,United States,Film,458700.0,5500000.0,2006.0,88.2
29,Dude Perfect,59500000,Sports,United States,Sports,564800.0,6800000.0,2009.0,88.2
131,BabyBus - Kids Songs and Cartoons,32800000,Education,United States,Education,510000.0,6100000.0,2016.0,88.2
280,Maya and Mary,23600000,Entertainment,United States,Entertainment,178200.0,2100000.0,2013.0,88.2
834,DALLMYD,13600000,Sports,United States,Sports,122700.0,1500000.0,2011.0,88.2
561,Jordan Matter,16600000,Entertainment,United States,Entertainment,796100.0,9600000.0,2006.0,88.2
276,That Little Puff,23700000,Pets & Animals,United States,Animals,3000000.0,36200000.0,2020.0,88.2
272,Enrique Iglesias,23800000,Music,United States,Music,491700.0,5900000.0,2007.0,88.2
271,Troom Troom,23800000,Howto & Style,United States,Howto,392200.0,4700000.0,2015.0,88.2
269,Diana and Roma EN,23900000,People & Blogs,United States,Entertainment,711100.0,8500000.0,2011.0,88.2
267,James Charles,23900000,Entertainment,United States,Entertainment,232500.0,2800000.0,2015.0,88.2
23,Pinkfong Baby Shark - Kids' Songs & Stories,68200000,Education,United States,Education,1900000.0,22700000.0,2011.0,88.2
266,Preston,24000000,Gaming,United States,Entertainment,606800.0,7300000.0,2012.0,88.2
849,Wengie,13500000,Howto & Style,United States,Howto,5300.0,64100.0,2010.0,88.2
134,DisneyMusicVEVO,32700000,Music,United States,Music,1300000.0,15800000.0,2010.0,88.2
252,Like Nastya AE,24400000,Entertainment,United States,Entertainment,679500.0,8200000.0,2018.0,88.2
859,Peet Montzingo,13400000,People & Blogs,United States,People,1600000.0,19100000.0,2014.0,88.2
292,TED,23100000,People & Blogs,United States,Tech,53000.0,635800.0,2006.0,88.2
835,Lindsey Stirling,13600000,Music,United States,Music,61100.0,733300.0,2007.0,88.2
294,Kids TV - Nursery Rhymes And Baby Songs,23100000,Shows,United States,Music,513800.0,6200000.0,2013.0,88.2
814,Airrack,13800000,Entertainment,United States,Entertainment,398600.0,4800000.0,2015.0,88.2
769,Super Polina,14300000,People & Blogs,United States,Entertainment,1700.0,19900.0,2014.0,88.2
327,National Geographic,21800000,Science & Technology,United States,Entertainment,183200.0,2200000.0,2006.0,88.2
326,Stokes Twins,21800000,People & Blogs,United States,People,791800.0,9500000.0,2008.0,88.2
324,Topper Guild,21900000,Comedy,United States,Comedy,2700000.0,33000000.0,2014.0,88.2
153,The Tonight Show Starring Jimmy Fallon,31200000,Comedy,United States,Comedy,0.0,0.0,2006.0,88.2
322,Ben Azelart,21900000,Film & Animation,United States,Entertainment,739800.0,8900000.0,2014.0,88.2
37,Marshmello,56400000,Entertainment,United States,Music,448400.0,5400000.0,2015.0,88.2
36,EminemMusic,56900000,Music,United States,Music,1000000.0,12500000.0,2007.0,88.2
319,Charlie Puth,22000000,Music,United States,Music,446000.0,5400000.0,2009.0,88.2
318,Kinder Spielzeug Kanal (Kidibli),22200000,Entertainment,United States,Entertainment,557300.0,6700000.0,2015.0,88.2
789,Lana Del Rey,14100000,Music,United States,Music,542300.0,6500000.0,2011.0,88.2
317,FGTeeV,22300000,Gaming,United States,Games,528400.0,6300000.0,2013.0,88.2
314,SSundee,22500000,Gaming,United States,Games,700400.0,8400000.0,2009.0,88.2
122,SSSniperWolf,33700000,Gaming,United States,Entertainment,843800.0,10100000.0,2013.0,88.2
799,ViralHog,14000000,People & Blogs,United States,Animals,5500000.0,65500000.0,2014.0,88.2
311,LeoNata Family,22600000,People & Blogs,United States,People,4700000.0,56300000.0,2021.0,88.2
308,The Chainsmokers,22600000,Music,United States,Music,326600.0,3900000.0,2012.0,88.2
124,Selena Gomez,33600000,Film & Animation,United States,Music,463200.0,5600000.0,2008.0,88.2
304,Vania Mania Kids,22700000,People & Blogs,United States,Education,620900.0,7500000.0,2015.0,88.2
810,Atlantic Records,13900000,Music,United States,Music,389100.0,4700000.0,2006.0,88.2
812,Veritasium,13900000,Education,United States,Education,176600.0,2100000.0,2010.0,88.2
860,The Q,13400000,People & Blogs,United States,Sports,0.01,0.14,2006.0,88.2
866,Vogue,13300000,Entertainment,United States,People,180400.0,2200000.0,2008.0,88.2
868,Kids Lineï¿½ï¿½ï¿½ï¿½ï¿½ï¿½ï¿½,13300000,People & Blogs,United States,Education,647600.0,7800000.0,2011.0,88.2
337,Tekashi 6ix9ine,21500000,People & Blogs,United States,Music,454200.0,5400000.0,2018.0,88.2
197,ýýý Kids Roma Show,27400000,People & Blogs,United States,Entertainment,703400.0,8400000.0,2015.0,88.2
928,Adam W,12800000,Comedy,United States,Comedy,915800.0,11000000.0,2015.0,88.2
937,Future,12700000,Music,United States,Film,1900.0,22700.0,2020.0,88.2
938,YoungBoy Never Broke Again,12700000,Entertainment,United States,Music,679900.0,8200000.0,2015.0,88.2
939,Blossom,12700000,Howto & Style,United States,Howto,175500.0,2100000.0,2017.0,88.2
195,Wiz Khalifa,27500000,Music,United States,Music,361800.0,4300000.0,2008.0,88.2
188,Michael Jackson,28200000,Music,United States,Music,634400.0,7600000.0,2005.0,88.2
945,CaseyNeistat,12600000,People & Blogs,United States,People,23800.0,285700.0,2010.0,88.2
956,First We Feast,12500000,Howto & Style,United States,Entertainment,445000.0,5300000.0,2014.0,88.2
12,WWE,96000000,Sports,United States,Sports,2900000.0,34300000.0,2007.0,88.2
146,DONA ï¿½ï¿½,31700000,Entertainment,United States,Entertainment,613100.0,7400000.0,2018.0,88.2
147,Dream,31700000,Gaming,United States,Games,108100.0,1300000.0,2014.0,88.2
10,Vlad and Niki,98900000,Entertainment,United States,Entertainment,2300000.0,27900000.0,2018.0,88.2
176,Zhong,29200000,Entertainment,United States,Entertainment,0.0,0.0,2015.0,88.2
148,Lucas and Marcus,31600000,Entertainment,United States,Entertainment,1200000.0,15000000.0,2011.0,88.2
971,_vector_,12400000,Comedy,United States,Comedy,3600000.0,43400000.0,2019.0,88.2
4,Cocomelon - Nursery Rhymes,162000000,Education,United States,Education,7900000.0,94800000.0,2006.0,88.2
989,Caylus,12400000,Education,United States,Games,710400.0,8500000.0,2016.0,88.2
990,Migos ATL,12400000,Music,United States,Entertainment,197600.0,2400000.0,2012.0,88.2
155,ImagineDragons,30700000,Music,United States,Music,755300.0,9100000.0,2009.0,88.2
3,MrBeast,166000000,Entertainment,United States,Entertainment,5400000.0,64700000.0,2012.0,88.2
920,EnriqueIglesiasVEVO,12900000,Music,United States,Music,303100.0,3600000.0,2009.0,88.2
250,Mark Rober,24600000,Science & Technology,United States,Tech,354500.0,4300000.0,2011.0,88.2
199,Nick Jr.,27300000,Film & Animation,United States,Entertainment,170200.0,2000000.0,2012.0,88.2
916,Top Viral Talent,12900000,Entertainment,United States,Entertainment,117500.0,1400000.0,2014.0,88.2
870,penguinz0,13300000,Gaming,United States,Entertainment,755800.0,9100000.0,2007.0,88.2
871,Just For Laughs Gags,13300000,Comedy,United States,Comedy,69900.0,838500.0,2007.0,88.2
249,KatyPerryVEVO,24600000,Music,United States,Music,355800.0,4300000.0,2009.0,88.2
247,EminemVEVO,24700000,Music,United States,Music,557800.0,6700000.0,2009.0,88.2
875,HUBAï¿½ï¿½,13200000,Entertainment,United States,Entertainment,1300000.0,15300000.0,2021.0,88.2
245,America's Got Talent,24800000,Entertainment,United States,Entertainment,537600.0,6500000.0,2006.0,88.2
235,WB Kids,25200000,People & Blogs,United States,Film,561300.0,6700000.0,2015.0,88.2
882,The Infographics Show,13200000,Education,United States,Education,207300.0,2500000.0,2011.0,88.2
884,ýýýýýýTwinsFromRussia,13200000,People & Blogs,United States,People,477600.0,5700000.0,2011.0,88.2
232,LankyBox,25400000,Comedy,United States,Games,3300000.0,39100000.0,2016.0,88.2
887,Ryan Trahan,13100000,Entertainment,United States,People,0.99,12.0,2022.0,88.2
230,Post Malone,25500000,Music,United States,Music,782000.0,9400000.0,2011.0,88.2
228,TaylorSwiftVEVO,25600000,Music,United States,Music,1300000.0,15300000.0,2009.0,88.2
895,ýýýýýýýýýýýýýýý Ms Yeah,13100000,People & Blogs,United States,Howto,242600.0,2900000.0,2017.0,88.2
226,Nicki Minaj,25700000,Music,United States,Music,414500.0,5000000.0,2013.0,88.2
224,David Guetta,25700000,Music,United States,Music,656900.0,7900000.0,2009.0,88.2
217,Smosh,26100000,Comedy,United States,Comedy,272600.0,3300000.0,2005.0,88.2
212,Alan Chikin Chow,26400000,Comedy,United States,Comedy,4200000.0,50200000.0,2020.0,88.2
208,Netflix,26700000,Entertainment,United States,Entertainment,472900.0,5700000.0,2012.0,88.2
206,Beast Reacts,26700000,People & Blogs,United States,Entertainment,1100000.0,13300000.0,2016.0,88.2
204,Brent Rivera,27000000,Comedy,United States,Entertainment,577800.0,6900000.0,2009.0,88.2
917,Akon,12900000,Music,United States,Music,365000.0,4400000.0,2005.0,88.2
42,Taylor Swift,52900000,Music,United States,Music,2100000.0,25400000.0,2006.0,88.2
323,Zach Choi ASMR,21900000,People & Blogs,United States,People,936900.0,11200000.0,2014.0,88.2
760,Coke Studio,14400000,Music,United States,Music,14200.0,170700.0,2008.0,88.2
495,MSA previously My Story Animated,17800000,Film & Animation,United States,People,83.0,994.0,2021.0,88.2
492,MGC Playhouse,17900000,Shows,United States,Education,410500.0,4900000.0,2009.0,88.2
491,Jason Derulo,17900000,Music,United States,Music,1800000.0,21500000.0,2008.0,88.2
486,KatieAngel,17900000,People & Blogs,United States,Music,206700.0,2500000.0,2015.0,88.2
485,David Dobrik,17900000,People & Blogs,United States,People,34600.0,415200.0,2014.0,88.2
482,SonyMusicSouthVEVO,18000000,Music,United States,Music,1000000.0,12400000.0,2014.0,88.2
475,Blippi - Educational Videos for Kids,18100000,Education,United States,Education,721600.0,8700000.0,2014.0,88.2
641,Mobile Legends: Bang Bang,15400000,Gaming,United States,Games,221500.0,2700000.0,2016.0,88.2
472,Jake Fellman,18100000,Entertainment,United States,Entertainment,2000000.0,23900000.0,2012.0,88.2
93,Like Nastya ESP,37600000,Entertainment,United States,Entertainment,1300000.0,15400000.0,2017.0,88.2
468,IShowSpeed,18300000,Gaming,United States,Games,561000.0,6700000.0,2016.0,88.2
467,Miley Cyrus,18300000,Entertainment,United States,Entertainment,511900.0,6100000.0,2009.0,88.2
68,Masha and The Bear,42400000,Shows,United States,Film,2700000.0,32200000.0,2014.0,88.2
447,Farruko,18800000,Music,United States,Music,391000.0,4700000.0,2009.0,88.2
43,Ariana Grande,52700000,Music,United States,Music,640900.0,7700000.0,2007.0,88.2
434,ýýýýýýýýýýýýýý ýýýý,19000000,Education,United States,Entertainment,86300.0,1000000.0,2018.0,88.2
59,Katy Perry,44200000,Music,United States,Music,537000.0,6400000.0,2008.0,88.2
659,CNN,15200000,News & Politics,United States,News,748000.0,9000000.0,2005.0,88.2
98,Bruno Mars,36700000,Music,United States,Music,701000.0,8400000.0,2006.0,88.2
102,YouTube,36300000,News & Politics,United States,Entertainment,84400.0,1000000.0,1970.0,88.2
645,zayn,15400000,Music,United States,Music,147200.0,1800000.0,2016.0,88.2
666,PowerfulJRE,15100000,People & Blogs,United States,People,173600.0,2100000.0,2013.0,88.2
623,Prime Video India,15700000,Entertainment,United States,Entertainment,1300000.0,16100000.0,2016.0,88.2
617,Rotten Tomatoes Trailers,15800000,Film & Animation,United States,Film,103000.0,1200000.0,2011.0,88.2
562,ýýýýýýýý ýýýýýýýýýýýýýýýýýýýýýý,16500000,Entertainment,United States,Entertainment,87800.0,1100000.0,2014.0,88.2
563,FailArmy,16500000,Comedy,United States,Entertainment,451900.0,5400000.0,2011.0,88.2
568,UFC - Ultimate Fighting Championship,16400000,Sports,United States,Sports,532800.0,6400000.0,2006.0,88.2
85,TEDx Talks,38600000,Nonprofits & Activism,United States,Nonprofit,182600.0,2200000.0,2009.0,88.2
551,With Kids[ï¿½ï¿½ï¿½ï¿½ï,16700000,Entertainment,United States,Entertainment,182800.0,2200000.0,2012.0,88.2
575,Camila Cabello,16300000,Music,United States,Music,170800.0,2000000.0,2015.0,88.2
550,CoryxKenshin,16700000,Gaming,United States,Games,420500.0,5000000.0,2009.0,88.2
580,Technoblade,16300000,Gaming,United States,Games,71800.0,861300.0,2013.0,88.2
542,Danny Fitt,16900000,People & Blogs,United States,Entertainment,1100000.0,13200000.0,2016.0,88.2
73,Little Baby Bum - Nursery Rhymes & Kids Songs,40900000,Education,United States,Education,395100.0,4700000.0,2011.0,88.2
540,VICE,16900000,Entertainment,United States,Entertainment,145400.0,1700000.0,2005.0,88.2
589,XO TEAM,16200000,People & Blogs,United States,People,152.0,1800.0,2020.0,88.2
597,Daily Dose Of Internet,16100000,Entertainment,United States,Entertainment,1600000.0,19200000.0,2015.0,88.2
88,One Direction,38200000,Music,United States,Music,25.0,305.0,2016.0,88.2
600,Disney Junior,16100000,Entertainment,United States,Entertainment,1100000.0,12800000.0,2008.0,88.2
520,Apple,17300000,Science & Technology,United States,Tech,185900.0,2200000.0,2005.0,88.2
516,Aphmau,17400000,Gaming,United States,Games,1800000.0,21100000.0,2012.0,88.2
612,Unspeakable,15900000,Gaming,United States,People,659600.0,7900000.0,2016.0,88.2
91,Daddy Yankee,38000000,Music,United States,Music,822400.0,9900000.0,2011.0,88.2
80,XXXTENTACION,39200000,Music,United States,Music,233400.0,2800000.0,2015.0,88.2
525,Marques Brownlee,17200000,Science & Technology,United States,Tech,209300.0,2500000.0,2008.0,88.2
418,DaFuq!?Boom!,19600000,Film & Animation,United States,Entertainment,9200000.0,110600000.0,2016.0,88.2
443,TED-Ed,18800000,Education,United States,Education,119500.0,1400000.0,2011.0,88.2
377,Jake Paul,20400000,People & Blogs,United States,People,58600.0,703000.0,2013.0,88.2
724,ABC News,14700000,News & Politics,United States,News,742800.0,8900000.0,2006.0,88.2
697,melanie martinez,14900000,Music,United States,Music,225400.0,2700000.0,2007.0,88.2
375,Ninja Kidz TV,20500000,Entertainment,United States,Entertainment,780800.0,9400000.0,2017.0,88.2
343,The Royalty Family,21300000,People & Blogs,United States,People,640900.0,7700000.0,2017.0,88.2
344,Becky G,21300000,Music,United States,Music,412700.0,5000000.0,2011.0,88.2
346,Infinite,21300000,Entertainment,United States,Entertainment,273400.0,3300000.0,2014.0,88.2
365,Yoeslan,20700000,Entertainment,United States,Entertainment,3500000.0,42000000.0,2020.0,88.2
355,Lyrical Lemonade,21000000,Entertainment,United States,Entertainment,320200.0,3800000.0,2013.0,88.2
50,SonyMusicIndiaVEVO,46600000,Music,United States,Music,1300000.0,15100000.0,2009.0,88.2
720,Chad Wild Clay,14700000,Comedy,United States,Entertainment,145400.0,1700000.0,2006.0,88.2
722,Netflix Jr.,14700000,Education,United States,Education,317600.0,3800000.0,2012.0,88.2
730,PrestonPlayz,14600000,Gaming,United States,Entertainment,606800.0,7300000.0,2012.0,88.2
728,Jesser,14600000,Gaming,United States,Entertainment,370400.0,4400000.0,2012.0,88.2
113,Genevieve's Playhouse - Learning Videos for Kids,34900000,Education,United States,Film,1300000.0,16100000.0,2016.0,88.2
360,LIV Crime,20900000,People & Blogs,United States,People,1500000.0,18400000.0,2020.0,88.2
694,50 Cent,14900000,Music,United States,Music,479200.0,5800000.0,2007.0,88.2
46,Billie Eilish,47900000,Music,United States,Music,587400.0,7000000.0,2013.0,88.2
359,Brave Wilderness,20900000,Pets & Animals,United States,Animals,0.0,0.0,2014.0,88.2
396,Pencilmation,20100000,Film & Animation,United States,Entertainment,59400.0,713400.0,2007.0,88.2
44,BillionSurpriseToys  - Nursery Rhymes & Cartoons,52200000,Education,United States,Education,1100000.0,12800000.0,2013.0,88.2
111,Markiplier,35200000,Gaming,United States,Games,509300.0,6100000.0,2012.0,88.2
689,Ray William Johnson,15000000,Entertainment,United States,Comedy,1300000.0,15000000.0,2008.0,88.2
390,Marta and Rustam,20200000,Comedy,United States,Comedy,1800000.0,21700000.0,2021.0,88.2
416,Sony AATH,19600000,Shows,United States,Entertainment,1100000.0,13200000.0,2013.0,88.2
408,Crafty Panda,19800000,People & Blogs,United States,Entertainment,24500.0,294600.0,2017.0,88.2
399,Marvel Entertainment,20100000,Entertainment,United States,Film,0.25,3.0,2011.0,88.2
392,CookieSwirlC,20100000,Entertainment,United States,Games,886800.0,10600000.0,2013.0,88.2
398,5-Minute Crafts PLAY,20100000,Howto & Style,United States,Howto,423100.0,5100000.0,2017.0,88.2
684,Kwebbelkop,15000000,Gaming,United States,Film,118900.0,1400000.0,2008.0,88.2
397,7clouds,20100000,Music,United States,Music,1100000.0,13300000.0,2013.0,88.2
683,PlayStation,15000000,Gaming,United States,Games,167200.0,2000000.0,2005.0,88.2
112,Ryan's World,35200000,Entertainment,United States,Entertainment,954500.0,11500000.0,2015.0,88.2
510,DeGoBooM,17600000,Gaming,Chile,Games,400900.0,4800000.0,2014.0,88.5
45,JuegaGerman,48100000,Gaming,Chile,Games,265600.0,3200000.0,2013.0,88.5
340,invictor,21500000,Gaming,Chile,People,0.2,2.0,2016.0,88.5
832,Acenix,13600000,Gaming,Spain,Games,189700.0,2300000.0,2014.0,88.9
450,CKN,18700000,Entertainment,Spain,Music,0.41,5.0,2005.0,88.9
82,Mikecrack,39100000,Gaming,Spain,Games,1100000.0,12700000.0,2015.0,88.9
925,Duo Tiempo De Sol,12800000,Music,Spain,Education,216000.0,2600000.0,2013.0,88.9
978,Timba Vk,12400000,Gaming,Spain,Games,96100.0,1200000.0,2012.0,88.9
698,iTownGamePlay *Terror&Diversiï¿½ï,14900000,Entertainment,Spain,Games,55400.0,665200.0,2012.0,88.9
980,DaniRep | +6 Vï¿½ï¿½ï¿½ï¿½ï¿½ï¿½ï¿½ï¿½ï¿½ï¿½ï,12400000,Gaming,Spain,Games,330600.0,4000000.0,2012.0,88.9
797,Luli Pampï¿½,14000000,Music,Spain,Music,806600.0,9700000.0,2012.0,88.9
647,FC Barcelona,15300000,Sports,Spain,Sports,339500.0,4100000.0,2006.0,88.9
717,Canal Nostalgia,14700000,Entertainment,Spain,Entertainment,906.0,10900.0,2010.0,88.9
914,gymvirtual,12900000,Sports,Spain,Sports,48000.0,575700.0,2010.0,88.9
528,El Reino a Jugar,17200000,Education,Argentina,Education,334800.0,4000000.0,2015.0,90.0
258,Alejo Igoa,24100000,Comedy,Argentina,Entertainment,1600000.0,19300000.0,2014.0,90.0
154,TheDonato,31200000,Entertainment,Argentina,Games,762700.0,9200000.0,2015.0,90.0
106,La Granja de Zenï¿½,35700000,Music,Argentina,Music,1200000.0,14500000.0,2013.0,90.0
505,El Payaso Plim Plim,17700000,Film & Animation,Argentina,Music,2600000.0,30700000.0,2013.0,90.0
673,Rubï¿½ï¿½ï¿½ï¿½ï¿½ï¿½,15100000,Comedy,Argentina,Comedy,2000000.0,24600000.0,2016.0,90.0
297,DrossRotzank,23000000,Entertainment,Argentina,Entertainment,142200.0,1700000.0,2006.0,90.0
32,El Reino Infantil,58400000,Music,Argentina,Music,2400000.0,29400000.0,2011.0,90.0
371,Bizarrap,20600000,Comedy,Argentina,Entertainment,772700.0,9300000.0,2017.0,90.0
610,Lyna,15900000,Gaming,Argentina,Games,256300.0,3100000.0,2014.0,90.0
487,RobleisIUTU,17900000,Entertainment,Argentina,Games,110200.0,1300000.0,2013.0,90.0
753,ýýýýýýýýýýýýýýýýýýýýý,14400000,Entertainment,South Korea,Entertainment,5500.0,65700.0,2017.0,94.3
21,HYBE LABELS,71300000,Music,South Korea,Music,2400000.0,28700000.0,2008.0,94.3
946,ýýýýýýýýýSULGI,12600000,People & Blogs,South Korea,People,452500.0,5400000.0,2012.0,94.3
906,GH'S,13000000,Gaming,South Korea,Games,4300000.0,51900000.0,2020.0,94.3
14,BLACKPINK,89800000,People & Blogs,South Korea,Music,2000000.0,23900000.0,2016.0,94.3
196,JYP Entertainment,27400000,Music,South Korea,Music,1200000.0,14800000.0,2008.0,94.3
18,BANGTANTV,75600000,Music,South Korea,Music,673200.0,8100000.0,2012.0,94.3
373,Mnet K-POP,20500000,Entertainment,South Korea,Entertainment,634200.0,7600000.0,2006.0,94.3
